INSERT INTO endereco (rua, bairro, cidade, numero, complemento) VALUES
('Rua das Flores', 'Jardim Primavera', 'São Paulo', '123', 'Apto 45'),
('Avenida Brasil', 'Centro', 'Rio de Janeiro', '456', ''),
('Rua das Acácias', 'Alphaville', 'Barueri', '789', 'Casa 10'),
('Travessa dos Pinheiros', 'Jardim Botânico', 'Curitiba', '101', 'Apto 1'),
('Avenida Paulista', 'Bela Vista', 'São Paulo', '202', 'Sala 7'),
('Rua XV de Novembro', 'Centro', 'Curitiba', '303', ''),
('Rua do Carmo', 'Centro', 'Recife', '404', ''),
('Avenida Sete de Setembro', 'Centro', 'Salvador', '505', 'Loja 3'),
('Rua das Laranjeiras', 'Botafogo', 'Rio de Janeiro', '606', ''),
('Avenida das Nações', 'Asa Sul', 'Brasília', '707', ''),
('Rua da Aurora', 'Boa Vista', 'Recife', '808', 'Bloco B'),
('Rua Vergueiro', 'Liberdade', 'São Paulo', '909', 'Apto 5'),
('Avenida Boa Viagem', 'Boa Viagem', 'Recife', '1010', 'Cobertura'),
('Rua 24 de Maio', 'Centro', 'Fortaleza', '1111', 'Sala 2'),
('Rua Amazonas', 'Eldorado', 'Contagem', '1212', ''),
('Avenida Goiás', 'Setor Central', 'Goiânia', '1313', ''),
('Rua das Pedras', 'Centro', 'Búzios', '1414', ''),
('Avenida Santos Dumont', 'Centro', 'Fortaleza', '1515', 'Loja 1'),
('Rua do Comércio', 'Centro', 'Maceió', '1616', ''),
('Rua das Palmeiras', 'Copacabana', 'Rio de Janeiro', '1717', ''),
('Avenida Tiradentes', 'Luz', 'São Paulo', '1818', 'Apto 8'),
('Rua do Príncipe', 'Boa Vista', 'Recife', '1919', 'Bloco A'),
('Avenida das Américas', 'Barra da Tijuca', 'Rio de Janeiro', '2020', 'Sala 10'),
('Rua Sete de Setembro', 'Centro', 'Porto Alegre', '2121', ''),
('Rua do Ouro', 'Savassi', 'Belo Horizonte', '2222', ''),
('Avenida Central', 'Centro', 'Brasília', '2323', ''),
('Rua das Hortênsias', 'Jardim das Flores', 'São Paulo', '2424', ''),
('Avenida Presidente Vargas', 'Centro', 'Rio de Janeiro', '2525', 'Sala 5'),
('Rua Augusta', 'Consolação', 'São Paulo', '2626', 'Apto 12'),
('Rua Santa Catarina', 'Funcionários', 'Belo Horizonte', '2727', 'Sala 4'),
('Avenida das Flores', 'Jardim das Acácias', 'Curitiba', '2828', 'Casa 2'),
('Rua Amazonas', 'Centro', 'Manaus', '2929', ''),
('Avenida Rio Branco', 'Centro', 'Recife', '3030', 'Sala 7'),
('Rua Pedro II', 'Centro', 'Campinas', '3131', ''),
('Avenida Sete de Abril', 'Centro', 'São Paulo', '3232', ''),
('Rua Professor Xavier', 'Centro', 'Fortaleza', '3333', 'Loja 2'),
('Rua João Pessoa', 'Centro', 'Natal', '3434', ''),
('Avenida Presidente Kennedy', 'Centro', 'Campinas', '3535', 'Bloco C'),
('Rua Coronel Fabriciano', 'Centro', 'João Pessoa', '3636', ''),
('Avenida General Osório', 'Centro', 'Porto Alegre', '3737', 'Loja 4');
INSERT INTO pessoa (nome, email, cnpj_cpf, endereco_id) VALUES
('Mateus Bernardi', 'mateus@example.com', '123.456.789-01', 1),
('João Souza', 'joao.souza@example.com', '987.654.321-09', 2),
('Ana Lima', 'ana.lima@example.com', '147.258.369-00', 3),
('Pedro Santos', 'pedro.santos@example.com', '258.369.147-08', 4),
('Mariana Oliveira', 'mariana.oliveira@example.com', '369.147.258-07', 5),
('Lucas Alves', 'lucas.alves@example.com', '456.789.123-06', 6),
('Fernanda Pereira', 'fernanda.pereira@example.com', '321.654.987-05', 7),
('Rafael Ferreira', 'rafael.ferreira@example.com', '654.321.987-04', 8),
('Juliana Costa', 'juliana.costa@example.com', '789.123.456-03', 9),
('Carlos Nascimento', 'carlos.nascimento@example.com', '123.987.654-02', 10),
('Beatriz Rocha', 'beatriz.rocha@example.com', '123.456.123-01', 11),
('Ricardo Lopes', 'ricardo.lopes@example.com', '321.654.321-09', 12),
('Isabela Martins', 'isabela.martins@example.com', '456.789.456-08', 13),
('Thiago Gonçalves', 'thiago.goncalves@example.com', '654.321.654-07', 14),
('Alice Souza', 'alice.souza@example.com', '789.123.789-06', 15),
('Felipe Araújo', 'felipe.araujo@example.com', '987.654.987-05', 16),
('Lara Duarte', 'lara.duarte@example.com', '123.321.123-04', 17),
('André Barbosa', 'andre.barbosa@example.com', '321.987.321-03', 18),
('Carolina Mello', 'carolina.mello@example.com', '456.123.456-02', 19),
('Gustavo Ribeiro', 'gustavo.ribeiro@example.com', '654.789.654-01', 20),
('Patrícia Mendes', 'patricia.mendes@example.com', '789.456.789-00', 21),
('Marcelo Costa', 'marcelo.costa@example.com', '987.123.987-09', 22),
('Sofia Albuquerque', 'sofia.albuquerque@example.com', '123.789.123-08', 23),
('Leonardo Barros', 'leonardo.barros@example.com', '321.123.321-07', 24),
('Camila Ferreira', 'camila.ferreira@example.com', '456.654.456-06', 25),
('Igor Almeida', 'igor.almeida@example.com', '654.987.654-05', 26),
('Renata Santos', 'renata.santos@example.com', '789.321.789-04', 27),
('Bruno Oliveira', 'bruno.oliveira@example.com', '987.456.987-03', 28),
('Gabriela Lopes', 'gabriela.lopes@example.com', '123.654.123-02', 29),
('Daniela Lima', 'daniela.lima@example.com', '321.987.321-01', 30),
('Fábio Costa', 'fabio.costa@example.com', '456.321.456-00', 31),
('Larissa Alves', 'larissa.alves@example.com', '654.123.654-09', 32),
('Rodrigo Nascimento', 'rodrigo.nascimento@example.com', '789.654.789-08', 33),
('Elisa Silva', 'elisa.silva@example.com', '987.321.987-07', 34),
('Vinícius Araújo', 'vinicius.araujo@example.com', '123.789.321-06', 35),
('Helena Carvalho', 'helena.carvalho@example.com', '321.456.321-05', 36),
('Bruno Mendes', 'bruno.mendes@example.com', '456.123.654-04', 37),
('Amanda Souza', 'amanda.souza@example.com', '654.321.789-03', 38),
('Douglas Martins', 'douglas.martins@example.com', '789.987.654-02', 39),
('Marina Castro', 'marina.castro@example.com', '987.654.123-01', 40);
INSERT INTO microempreendedor (pessoa_id, senha, caixa, login) VALUES
(1, 'senha123', 30708.65, 'mateus.m');
INSERT INTO cliente (pessoa_id, telefone) VALUES
(2, '555-0101'),
(3, '555-0101'),
(4, '555-0101'),
(5, '555-0101'),
(6, '555-0101'),
(7, '555-0101'),
(8, '555-0101'),
(9, '555-0101'),
(10, '555-0101'),
(11, '555-0101'),
(12, '555-0101'),
(13, '555-0101'),
(14, '555-0101'),
(15, '555-0101'),
(16, '555-0101'),
(17, '555-0101'),
(18, '555-0101'),
(19, '555-0101'),
(20, '555-0101'),
(21, '99999-0001'),
(22, '99999-0002'),
(23, '99999-0003'),
(24, '99999-0004'),
(25, '99999-0005'),
(26, '99999-0006'),
(27, '99999-0007'),
(28, '99999-0008'),
(29, '99999-0009'),
(30, '99999-0010'),
(31, '99999-0011'),
(32, '99999-0012'),
(33, '99999-0013'),
(34, '99999-0014'),
(35, '99999-0015'),
(36, '99999-0016'),
(37, '99999-0017'),
(38, '99999-0018'),
(39, '99999-0019'),
(40, '99999-0020');
INSERT INTO produto (nome, preco_unitario, quantidade, categoria, preco_custo) VALUES
('Caneta Esferográfica', 1.50, 100, 'Papelaria', 0.80),
('Lápis HB', 0.80, 200, 'Papelaria', 0.40),
('Caderno Universitário', 15.00, 50, 'Papelaria', 8.00),
('Borracha', 0.50, 300, 'Papelaria', 0.25),
('Apontador', 1.00, 150, 'Papelaria', 0.60),
('Mochila Escolar', 80.00, 20, 'Acessórios', 50.00),
('Calculadora Científica', 50.00, 30, 'Eletrônicos', 30.00),
('Agenda 2024', 20.00, 60, 'Papelaria', 12.00),
('Fone de Ouvido', 100.00, 40, 'Eletrônicos', 60.00),
('Teclado Mecânico', 200.00, 25, 'Eletrônicos', 120.00),
('Mouse Sem Fio', 70.00, 50, 'Eletrônicos', 40.00),
('Monitor LED 24"', 700.00, 10, 'Eletrônicos', 500.00),
('Pen Drive 32GB', 40.00, 100, 'Eletrônicos', 25.00),
('Suporte para Notebook', 150.00, 20, 'Acessórios', 90.00),
('HD Externo 1TB', 300.00, 15, 'Eletrônicos', 200.00),
('Impressora Multifuncional', 500.00, 5, 'Eletrônicos', 350.00),
('Mesa Digitalizadora', 400.00, 10, 'Eletrônicos', 250.00),
('Webcam HD', 150.00, 35, 'Eletrônicos', 90.00),
('Cadeira Ergonomica', 600.00, 8, 'Móveis', 400.00),
('Ventilador de Mesa', 90.00, 60, 'Eletrodomésticos', 50.00);
-- Insere registros de vendas na tabela venda
INSERT INTO venda (cliente_id, item_id, data, quantidade, lucro) VALUES
(21, 1, '2023-01-15', 5, (1.50 - 0.80) * 5),
(22, 2, '2023-01-20', 10, (0.80 - 0.40) * 10),
(23, 3, '2023-02-05', 2, (15.00 - 8.00) * 2),
(24, 4, '2023-02-12', 6, (0.50 - 0.25) * 6),
(25, 5, '2023-03-03', 4, (1.00 - 0.60) * 4),
(26, 6, '2023-03-15', 1, (80.00 - 50.00) * 1),
(27, 7, '2023-04-01', 3, (50.00 - 30.00) * 3),
(28, 8, '2023-04-18', 7, (20.00 - 12.00) * 7),
(29, 9, '2023-05-02', 2, (100.00 - 60.00) * 2),
(30, 10, '2023-05-25', 5, (200.00 - 120.00) * 5),
(31, 11, '2023-06-06', 4, (70.00 - 40.00) * 4),
(32, 12, '2023-06-20', 1, (700.00 - 500.00) * 1),
(33, 13, '2023-07-10', 8, (40.00 - 25.00) * 8),
(34, 14, '2023-07-24', 2, (150.00 - 90.00) * 2),
(35, 15, '2023-08-01', 3, (300.00 - 200.00) * 3),
(36, 16, '2023-08-15', 6, (500.00 - 350.00) * 6),
(37, 17, '2023-09-05', 4, (400.00 - 250.00) * 4),
(38, 18, '2023-09-25', 5, (150.00 - 90.00) * 5),
(39, 19, '2023-10-15', 2, (600.00 - 400.00) * 2),
(40, 20, '2023-10-30', 7, (90.00 - 50.00) * 7),
(21, 1, '2023-11-15', 5, (1.50 - 0.80) * 5),
(22, 2, '2023-11-20', 10, (0.80 - 0.40) * 10),
(23, 3, '2023-12-05', 2, (15.00 - 8.00) * 2),
(24, 4, '2023-12-12', 6, (0.50 - 0.25) * 6),
(25, 5, '2023-12-20', 4, (1.00 - 0.60) * 4),
(26, 6, '2024-01-05', 1, (80.00 - 50.00) * 1),
(27, 7, '2024-01-15', 3, (50.00 - 30.00) * 3),
(28, 8, '2024-01-20', 7, (20.00 - 12.00) * 7),
(29, 9, '2024-02-05', 2, (100.00 - 60.00) * 2),
(30, 10, '2024-02-25', 5, (200.00 - 120.00) * 5),
(31, 11, '2024-03-06', 4, (70.00 - 40.00) * 4),
(32, 12, '2024-03-20', 1, (700.00 - 500.00) * 1),
(33, 13, '2024-04-10', 8, (40.00 - 25.00) * 8),
(34, 14, '2024-04-24', 2, (150.00 - 90.00) * 2),
(35, 15, '2024-05-01', 3, (300.00 - 200.00) * 3),
(36, 16, '2024-05-15', 6, (500.00 - 350.00) * 6),
(37, 17, '2024-06-05', 4, (400.00 - 250.00) * 4),
(38, 18, '2024-06-25', 5, (150.00 - 90.00) * 5),
(39, 19, '2024-07-15', 2, (600.00 - 400.00) * 2),
(40, 20, '2024-07-30', 7, (90.00 - 50.00) * 7),
(21, 1, '2024-08-15', 5, (1.50 - 0.80) * 5),
(22, 2, '2024-08-20', 10, (0.80 - 0.40) * 10),
(23, 3, '2024-09-05', 2, (15.00 - 8.00) * 2),
(24, 4, '2024-09-12', 6, (0.50 - 0.25) * 6),
(25, 5, '2024-10-03', 4, (1.00 - 0.60) * 4),
(26, 6, '2024-10-15', 1, (80.00 - 50.00) * 1),
(27, 7, '2024-11-01', 3, (50.00 - 30.00) * 3),
(28, 8, '2024-11-18', 7, (20.00 - 12.00) * 7),
(29, 9, '2024-12-02', 2, (100.00 - 60.00) * 2),
(30, 10, '2024-12-25', 5, (200.00 - 120.00) * 5),
(31, 11, '2024-12-30', 4, (70.00 - 40.00) * 4),
(32, 12, '2024-12-30', 1, (700.00 - 500.00) * 1),
(33, 13, '2024-12-30', 8, (40.00 - 25.00) * 8),
(34, 14, '2024-12-30', 2, (150.00 - 90.00) * 2),
(35, 15, '2024-12-30', 3, (300.00 - 200.00) * 3),
(36, 16, '2024-12-30', 6, (500.00 - 350.00) * 6),
(37, 17, '2024-12-30', 4, (400.00 - 250.00) * 4),
(38, 18, '2024-12-30', 5, (150.00 - 90.00) * 5),
(39, 19, '2024-12-30', 2, (600.00 - 400.00) * 2),
(40, 20, '2024-12-30', 7, (90.00 - 50.00) * 7),
(21, 1, '2023-01-15', 6, (1.50 - 0.80) * 6),
(22, 2, '2023-01-20', 7, (0.80 - 0.40) * 7),
(23, 3, '2023-02-05', 5, (15.00 - 8.00) * 5),
(24, 4, '2023-02-12', 8, (0.50 - 0.25) * 8),
(25, 5, '2023-03-03', 3, (1.00 - 0.60) * 3),
(26, 6, '2023-03-15', 2, (80.00 - 50.00) * 2),
(27, 7, '2023-04-01', 1, (50.00 - 30.00) * 1),
(28, 8, '2023-04-18', 9, (20.00 - 12.00) * 9),
(29, 9, '2023-05-02', 4, (100.00 - 60.00) * 4),
(30, 10, '2023-05-25', 6, (200.00 - 120.00) * 6),
(31, 11, '2023-06-06', 2, (70.00 - 40.00) * 2),
(32, 12, '2023-06-20', 3, (700.00 - 500.00) * 3),
(33, 13, '2023-07-10', 7, (40.00 - 25.00) * 7),
(34, 14, '2023-07-24', 1, (150.00 - 90.00) * 1),
(35, 15, '2023-08-01', 9, (300.00 - 200.00) * 9),
(36, 16, '2023-08-15', 4, (500.00 - 350.00) * 4),
(37, 17, '2023-09-05', 8, (400.00 - 250.00) * 8),
(38, 18, '2023-09-25', 6, (150.00 - 90.00) * 6),
(39, 19, '2023-10-15', 3, (600.00 - 400.00) * 3),
(40, 20, '2023-10-30', 5, (90.00 - 50.00) * 5),
(21, 1, '2023-11-15', 7, (1.50 - 0.80) * 7),
(22, 2, '2023-11-20', 8, (0.80 - 0.40) * 8),
(23, 3, '2023-12-05', 6, (15.00 - 8.00) * 6),
(24, 4, '2023-12-12', 2, (0.50 - 0.25) * 2),
(25, 5, '2023-12-20', 9, (1.00 - 0.60) * 9),
(26, 6, '2024-01-05', 4, (80.00 - 50.00) * 4),
(27, 7, '2024-01-15', 5, (50.00 - 30.00) * 5),
(28, 8, '2024-01-20', 1, (20.00 - 12.00) * 1),
(29, 9, '2024-02-05', 8, (100.00 - 60.00) * 8),
(30, 10, '2024-02-25', 7, (200.00 - 120.00) * 7),
(31, 11, '2024-03-06', 5, (70.00 - 40.00) * 5),
(32, 12, '2024-03-20', 6, (700.00 - 500.00) * 6),
(33, 13, '2024-04-10', 3, (40.00 - 25.00) * 3),
(34, 14, '2024-04-24', 4, (150.00 - 90.00) * 4),
(35, 15, '2024-05-01', 8, (300.00 - 200.00) * 8),
(36, 16, '2024-05-15', 2, (500.00 - 350.00) * 2),
(37, 17, '2024-06-05', 9, (400.00 - 250.00) * 9),
(38, 18, '2024-06-25', 1, (150.00 - 90.00) * 1),
(39, 19, '2024-07-15', 7, (600.00 - 400.00) * 7),
(40, 20, '2024-07-30', 3, (90.00 - 50.00) * 3),
(21, 1, '2024-08-15', 4, (1.50 - 0.80) * 4),
(22, 2, '2024-08-20', 6, (0.80 - 0.40) * 6),
(23, 3, '2024-09-05', 1, (15.00 - 8.00) * 1),
(24, 4, '2024-09-12', 9, (0.50 - 0.25) * 9),
(25, 5, '2024-10-03', 5, (1.00 - 0.60) * 5),
(26, 6, '2024-10-15', 7, (80.00 - 50.00) * 7),
(27, 7, '2024-11-01', 6, (50.00 - 30.00) * 6),
(28, 8, '2024-11-18', 2, (20.00 - 12.00) * 2),
(29, 9, '2024-12-02', 3, (100.00 - 60.00) * 3),
(30, 10, '2024-12-25', 9, (200.00 - 120.00) * 9),
(31, 11, '2024-12-30', 8, (70.00 - 40.00) * 8),
(32, 12, '2024-12-30', 2, (700.00 - 500.00) * 2),
(33, 13, '2024-12-30', 5, (40.00 - 25.00) * 5),
(34, 14, '2024-12-30', 3, (150.00 - 90.00) * 3),
(35, 15, '2024-12-30', 4, (300.00 - 200.00) * 4),
(36, 16, '2024-12-30', 9, (500.00 - 350.00) * 9),
(37, 17, '2024-12-30', 6, (400.00 - 250.00) * 6),
(38, 18, '2024-12-30', 8, (150.00 - 90.00) * 8),
(39, 19, '2024-12-30', 5, (600.00 - 400.00) * 5),
(40, 20, '2024-12-30', 4, (90.00 - 50.00) * 4);



